US$	Dólares Estadounidenses
US$	dólares Estadounidenses
US$	Dólares estadounidenses
US$	Dólares Americanos
US$	dólares Americanos
US$	Dólares americanos
CAD$	dólares Canadienses
CAD$	Dólares canadienses
CAD$	Dólares Canadienses
AR$	Pesos Argentinos
AR$	pesos Argentinos
AR$	Pesos argentinos
BRL	Reales Brasileños
BRL	reales Brasileños
BRL	Reales brasileños
CHF	Francos Suizos
CHF	francos Suizos
CHF	Francos suizos
CLP	Pesos Chilenos
CLP	pesos Chilenos
CLP	Pesos chilenos
CNY	Yuan Chinos
CNY	yuan Chinos
CNY	Yuan chinos
COP	Pesos Colombianos
COP	pesos Colombianos
COP	Pesos colombianos
CRC	Colones Costarricenses
CRC	colones Costarricenses
CRC	Colones costarricenses
CUP	Pesos Cubanos
CUP	pesos Cubanos
CUP	Pesos cubanos
RD$	Pesos Dominicanos
RD$	pesos Dominicanos
RD$	Pesos dominicanos
GBP	Libras Esterlinas
GBP	libras Esterlinas
GBP	Libras esterlinas
HKD	Dólares De Hong Kong
HKD	dólares de Hong Kong
HKD	Dólares de hong kong
INR	Rupias Indias
INR	rupias Indias
INR	Rupias indias
Mex$	Pesos Mexicanos
Mex$	pesos Mexicanos
Mex$	Pesos mexicanos
SVC	Colones Salvadoreños
SVC	colones Salvadoreños
SVC	Colones salvadoreños
UYU	Pesos Uruguayos
UYU	pesos Uruguayos
UYU	Pesos uruguayos
VES	Bolívares Soberanos
VES	bolívares Soberanos
VES	Bolívares soberanos
BOP	Pesos Bolivianos
BOP	pesos Bolivianos
BOP	Pesos bolivianos
CLE	Escudos Chilenos
CLE	escudos Chilenos
CLE	Escudos chilenos
ECS	Sucres Ecuatorianos
ECS	sucres Ecuatorianos
ECS	Sucres ecuatorianos
PEH	Soles De Oro
PEH	soles de Oro
PEH	Soles de oro
VEB	Bolívares Venezolanos
VEB	bolívares Venezolanos
VEB	Bolívares venezolanos
VEF	Bolívares Fuertes
VEF	bolívares Fuertes
VEF	Bolívares fuertes